title,price,rating,comments,image
"Apple iPhone 11, 64GB, Black - Unlocked (Renewed)",319.99,4.3,"33,606",https://m.media-amazon.com/images/I/31PpUfTCiFL._AC_UY218_.jpg
"Apple iPhone XR, 64GB, Black - Unlocked (Renewed)",229.99,4.5,"56,602",https://m.media-amazon.com/images/I/717KHGCJ6eL._AC_UY218_.jpg
"Apple iPhone 11 Pro, 64GB, Space Gray - Unlocked (Renewed)",364.81,4.3,"16,021",https://m.media-amazon.com/images/I/81ldhum0M4L._AC_UY218_.jpg
"Apple iPhone X, US Version, 64GB, Silver - Unlocked (Renewed)",214.00,4.2,"22,550",https://m.media-amazon.com/images/I/81SSw14XZHL._AC_UY218_.jpg
"Apple iPhone 12 Pro, 256GB, Pacific Blue - Fully Unlocked (Renewed)",560.95,4.2,"2,569",https://m.media-amazon.com/images/I/71z4b3G3GAL._AC_UY218_.jpg
"Apple iPhone 8, US Version, 64GB, Space Gray - Unlocked (Renewed)",121.99,4.3,"49,623",https://m.media-amazon.com/images/I/71aOr1CuM1L._AC_UY218_.jpg
"Apple iPhone 12, 64GB, Purple - Unlocked (Renewed Premium)",479.99,4.3,"5,977",https://m.media-amazon.com/images/I/51y+8p7pXtL._AC_UY218_.jpg
"Apple iPhone XS, US Version, 256GB, Space Gray - Unlocked (Renewed)",933.18,4.3,"18,913",https://m.media-amazon.com/images/I/61xa10dafvL._AC_UY218_.jpg
"Apple iPhone 12 Pro Max, 128GB, Pacific Blue - Unlocked (Renewed Premium)",710.00,4.4,"1,011",https://m.media-amazon.com/images/I/71FuI8YvCNL._AC_UY218_.jpg
"iPhone 13 Pro Max, 256GB, Sierra Blue - Unlocked (Renewed Premium)","1,150.00",4.1,213,https://m.media-amazon.com/images/I/61i8Vjb17SL._AC_UY218_.jpg
"Apple iPhone 12 Pro Max, 512GB, Graphite - Fully Unlocked (Renewed)",690.64,4.2,"2,285",https://m.media-amazon.com/images/I/71BiMFOcstL._AC_UY218_.jpg
"Apple iPhone SE 3rd Gen, 64GB, Midnight - Unlocked (Renewed)",245.00,4.5,169,https://m.media-amazon.com/images/I/61TOWf11+jL._AC_UY218_.jpg
"Apple iPhone 12 Pro Max, 128GB, Silver - Unlocked (Renewed Premium)",710.00,4.4,29,https://m.media-amazon.com/images/I/61AhDuc-qbL._AC_UY218_.jpg
"Apple iPhone 11 Pro Max, US Version, 64GB, Midnight Green - Unlocked (Renewed)",420.00,4.3,"12,549",https://m.media-amazon.com/images/I/71yIGykJFNS._AC_UY218_.jpg
"Apple iPhone 12 Pro Max, 128GB, Graphite - Unlocked (Renewed Premium)",710.00,4.6,157,https://m.media-amazon.com/images/I/61l3+VGfj2L._AC_UY218_.jpg
"Apple iPhone 12 Pro Max, 512GB, Graphite - Unlocked (Renewed Premium)",829.00,4.1,45,https://m.media-amazon.com/images/I/61l3+VGfj2L._AC_UY218_.jpg
"Apple iPhone 14, 128GB, Midnight - Unlocked (Renewed)",721.41,3.6,11,https://m.media-amazon.com/images/I/61cwywLZR-L._AC_UY218_.jpg
"Apple Iphone X, 256GB, Space Gray - Fully Unlocked (Renewed)",229.99,4.2,"1,716",https://m.media-amazon.com/images/I/719knfTwPvL._AC_UY218_.jpg
"Apple iPhone 14, 128GB, Blue - Unlocked (Renewed)",698.00,4.2,5,https://m.media-amazon.com/images/I/61bK6PMOC3L._AC_UY218_.jpg
"Apple iPhone 14, 128GB, Purple - Unlocked (Renewed)",699.97,,,https://m.media-amazon.com/images/I/619f09kK7tL._AC_UY218_.jpg
"Apple iPhone 13 Pro Max, 128GB, Graphite - Unlocked (Renewed)",902.65,4.4,873,https://m.media-amazon.com/images/I/51UtM-A3fdL._AC_UY218_.jpg
"Apple iPhone 12 Pro Max, 128GB, Gold - Unlocked (Renewed Premium)",710.00,4.5,139,https://m.media-amazon.com/images/I/31DXs7b1j2L._AC_UY218_.jpg
"Apple iPhone 13, 128GB, Blue - Unlocked (Renewed)",594.97,4.4,"1,201",https://m.media-amazon.com/images/I/71H8ipbuxoL._AC_UY218_.jpg
"Azumi iPhone SE 16GB Unlocked, Gold",,3.7,68,https://m.media-amazon.com/images/I/51HycySapuL._AC_UY218_.jpg
"Samsung Galaxy S10, 128GB, Prism White - GSM Carriers (Renewed)",165.99,4.3,"13,446",https://m.media-amazon.com/images/I/61Kdfg4hZPL._AC_UY218_.jpg
"12Pro MAX Unlocked Cellphone, 6.26in HD Screen Mobile Phone, 1+8G Dual SIM Slots Smartphone for Android 8.1 (Green)",101.76,2.3,454,https://m.media-amazon.com/images/I/615wKAL-RjL._AC_UY218_.jpg
Google Pixel 6 – 5G Android Phone - Unlocked - 128GB - Kinda Coral (Renewed),249.99,4.3,22,https://m.media-amazon.com/images/I/61GnNfodU3L._AC_UY218_.jpg
Used iPhone 6 A1549 16GB Unlocked - Space Grey,,3.7,7,https://m.media-amazon.com/images/I/6196ZOMzfxL._AC_UY218_.jpg
"Apple iPhone 14 Pro Max, 128GB, Space Black - Unlocked (Renewed)","1,330.00",,,https://m.media-amazon.com/images/I/51uD1lmrV8L._AC_UY218_.jpg
"Samsung Galaxy A13 5G Cell Phone, AT&T GSM Unlocked Android Smartphone, 64GB, Long Lasting Battery, Expandable Storage, Triple Lens Camera, Infinite Display, Black (Renewed)",139.99,4.0,244,https://m.media-amazon.com/images/I/61xhaqnlKPL._AC_UY218_.jpg
"Azumi iPhone SE 64GB Unlocked, 2016 1st Gen, Silver (IPSE64)",,3.8,119,https://m.media-amazon.com/images/I/4193K9fiSqL._AC_UY218_.jpg
Google Pixel 6a - 5G Android Phone - Unlocked Smartphone with 12 Megapixel Camera and 24-Hour Battery - Charcoal,298.99,4.2,"1,194",https://m.media-amazon.com/images/I/61ePWSuIfwL._AC_UY218_.jpg
"Apple iPhone 13 Mini, 128GB, Midnight - Unlocked (Renewed)",464.55,4.6,830,https://m.media-amazon.com/images/I/51nGxi-shlL._AC_UY218_.jpg
"SAMSUNG Galaxy A53 5G A Series Cell Phone, Factory Unlocked Android Smartphone, 128GB, 6.5” FHD Super AMOLED Screen, Long Battery Life, US Version, Black",399.00,4.3,"3,126",https://m.media-amazon.com/images/I/71HN4P-pd5L._AC_UY218_.jpg
"Azumi iPhone SE 16GB Unlocked, Space Gray (Gen 1)",,3.7,227,https://m.media-amazon.com/images/I/81KMjBNIAbL._AC_UY218_.jpg
"Nokia G400 5G | Verizon, AT&T, T-Mobile | Android 12 | Unlocked Smartphone | 3-Day Battery | US Version | 4/64GB | 6.58-Inch Screen | 48MP Triple Camera | Meteor Grey",179.99,3.5,16,https://m.media-amazon.com/images/I/51WJCHlvQDL._AC_UY218_.jpg
"Apple iPhone 14 Plus, 128GB, Midnight - Unlocked (Renewed)",799.00,4.5,4,https://m.media-amazon.com/images/I/61B0+qQriPL._AC_UY218_.jpg
"Apple iPhone 14 Plus, 128GB, Purple - Unlocked (Renewed)",799.00,5.0,5,https://m.media-amazon.com/images/I/61YSNhAb00L._AC_UY218_.jpg
"Apple iPhone 14 Pro, 128GB, Deep Purple - Unlocked (Renewed)","1,150.00",4.7,4,https://m.media-amazon.com/images/I/518bzP8VW1L._AC_UY218_.jpg
"Total by Verizon iPhone 11, 64GB, Black - Prepaid Smartphone (Locked)",299.99,3.4,29,https://m.media-amazon.com/images/I/41CYvvlV6HL._AC_UY218_.jpg
"Tracfone Alcatel TCL A3, 32GB, Black - Prepaid Smartphone (Locked)",39.88,4.0,"1,005",https://m.media-amazon.com/images/I/61-fB+GkifL._AC_UY218_.jpg
"TracFone BLU View 2 (2022) 4G LTE, 32GB, Sim Card Included, Black - Prepaid Smartphone (Locked)",29.88,4.0,675,https://m.media-amazon.com/images/I/61qTWOAsIPL._AC_UY218_.jpg
"iPhone 13 Mini, 256GB, Product Red - Unlocked (Renewed Premium)",658.00,4.5,26,https://m.media-amazon.com/images/I/61VByDni+vL._AC_UY218_.jpg
"Apple iPhone 12 Pro, 128GB, Pacific Blue - Unlocked (Renewed Premium)",,4.3,174,https://m.media-amazon.com/images/I/712yl2wTDbL._AC_UY218_.jpg
"Samsung Galaxy Note 8, 64GB, Deepsea Blue - For GSM (Renewed)",149.99,4.3,"7,896",https://m.media-amazon.com/images/I/41s7b6bxuYL._AC_UY218_.jpg
"Apple iPhone 12 Mini, 128GB, Green - Unlocked (Renewed Premium)",530.00,3.9,6,https://m.media-amazon.com/images/I/71QsI6eKS5L._AC_UY218_.jpg
"Apple iPhone 14 Plus, 256GB, Purple - Unlocked (Renewed)",,,,https://m.media-amazon.com/images/I/61YSNhAb00L._AC_UY218_.jpg
Motorola One 5G Android Unlocked 4GB RAM 128GB 48MP Camera Quad Rear Camera Blue XT2075-2 (Renewed),139.99,3.5,58,https://m.media-amazon.com/images/I/61EU5N9l2RL._AC_UY218_.jpg
"Apple iPhone 14 Plus, 128GB, Blue - Unlocked (Renewed)",799.00,,,https://m.media-amazon.com/images/I/61BGE6iu4AL._AC_UY218_.jpg
"Apple iPhone 11 [64GB, Purple] + Carrier Subscription [Cricket Wireless]",,4.4,242,https://m.media-amazon.com/images/I/71xn9bCRfhL._AC_UY218_.jpg
"IP13 6.1 Inch HD Screen Smartphone 3G Unlocked Cell Phone, Dual SIM Slim Mobile Phone Support Face Recognition, 6799 10 Core CPU Processor, 3GB 32GB, Front and Rear HD Camera, 2800mAh(Black)",69.99,4.0,3,https://m.media-amazon.com/images/I/71TvmFo4HiL._AC_UY218_.jpg
"iP13 Pro MAX Unlocked Smartphone, 6.1in 3GB 32GB Face ID Cell Phone Unlocked for Android 6.0, MT6799 10 Core,Dual SIM, 5MP 8MP Dual Camera, 2800mAh Mobile Phone Support 128GB Expandable(White)",106.05,2.1,4,https://m.media-amazon.com/images/I/71khZqbK1kL._AC_UY218_.jpg
"Apple iPhone 12 Pro, 128GB, Gold - Unlocked (Renewed Premium)",657.00,3.7,60,https://m.media-amazon.com/images/I/711PvTS05pL._AC_UY218_.jpg
"TracFone TCL Flip 2, 8GB, Black - Prepaid Flip Phone (Locked)",19.99,4.1,227,https://m.media-amazon.com/images/I/71S0voBvL8L._AC_UY218_.jpg
"Mini Smartphone iLight 11 Pro Max The World's Smallest 11Pro Android Mobile Phone Super Small Micro 2.5"" Touch Screen Global Unlocked Great for Kids 1GB RAM / 8GB ROM Tiny iPhone XI Pro Max Look Alike",77.90,2.8,7,https://m.media-amazon.com/images/I/41fTBhWQTEL._AC_UY218_.jpg
"Apple iPhone 12 Pro, 256GB, Pacific Blue - Unlocked (Renewed Premium)",,4.2,114,https://m.media-amazon.com/images/I/712yl2wTDbL._AC_UY218_.jpg
"Apple iPhone 13 Pro, 1TB, Graphite - Unlocked (Renewed)",939.00,4.3,603,https://m.media-amazon.com/images/I/51UtM-A3fdL._AC_UY218_.jpg
"Nokia 2780 Flip | Unlocked | Verizon, AT&T, T-Mobile | Blue",89.99,3.8,27,https://m.media-amazon.com/images/I/51rgSOgnIsL._AC_UY218_.jpg
"Apple iPhone 14, 256GB, Midnight - Unlocked (Renewed)",769.97,3.1,9,https://m.media-amazon.com/images/I/51Yz9FaNIGL._AC_UY218_.jpg
"Yoidesu 4G Unlocked Smartphones,I14pro 6.1in Dual SIM Mobile Phones,3GB RAM 64GB ROM,8MP 16MP Dual Camera,4000mAh Battery Cheap Phones with 128G Expansion(Gold)",77.44,,,https://m.media-amazon.com/images/I/71qUS0-iuUL._AC_UY218_.jpg
"Tracfone Samsung Galaxy A03s, 32GB, Black - Prepaid Smartphone (Locked)",49.88,4.1,450,https://m.media-amazon.com/images/I/812woqv69CL._AC_UY218_.jpg
"OnePlus Nord N200 | 5G Unlocked Android Smartphone U.S Version | 6.49"" Full HD+LCD Screen | 90Hz Smooth Display | Large 5000mAh Battery | Fast Charging | 64GB Storage | Triple Camera,Blue Quantum",189.99,4.1,"1,803",https://m.media-amazon.com/images/I/71DCZOdq92S._AC_UY218_.jpg
"Apple iPhone 13 Pro Max, 256GB, Silver - Unlocked (Renewed)",,4.4,873,https://m.media-amazon.com/images/I/51ysuS9QwTL._AC_UY218_.jpg
"Total by Verizon Samsung Galaxy A03s, 32GB, Black - Prepaid Smartphone (Locked)",49.88,4.0,109,https://m.media-amazon.com/images/I/812woqv69CL._AC_UY218_.jpg
"Bewinner I14pro Max Unlocked Smartphone, 6.1in 4GB RAM 64GB ROM Dual SIM 4G Network Mobile Phone, Face ID Unlocked Cellphone for Android 11 4000mah Battery (White)",111.99,3.7,10,https://m.media-amazon.com/images/I/71sWVYmpkhL._AC_UY218_.jpg
Azumi iPhone 6S 64GB Unlocked ATT Tmobile Verizon - Gray,,2.9,7,https://m.media-amazon.com/images/I/61YKTWoc7VL._AC_UY218_.jpg
"redmi Xiaomi Note 10 Pro 4G Volte 128GB + 6GB Factory Unlocked 6.67"" 64MP Quad Camera Night Mode (not Verizon Sprint Boost Cricket) (w/Fast Car Charger Bundle) (Glacial Blue)",299.99,4.2,"39,918",https://m.media-amazon.com/images/I/81nndQAg2nL._AC_UY218_.jpg
"SAMSUNG Galaxy Z Fold 4 Cell Phone, Factory Unlocked Android Smartphone, 512GB, Flex Mode, Hands Free Video, Multi Window View, Foldable Display, S Pen Compatible, US Version, Gray Green","1,919.99",4.5,51,https://m.media-amazon.com/images/I/71a87teD1KL._AC_UY218_.jpg
Hipipooo Super Small Mini Smartphone 3G Dual SIM Mobile Phone 1GB RAM 8GB ROM Android 6.0 Unlocked Kids Phone Pocket Cellphone (Black),56.69,3.1,73,https://m.media-amazon.com/images/I/717yz+9faIL._AC_UY218_.jpg
Nokia C01 Plus | Android 11 (Go Edition) | Unlocked Smartphone | 2-Day Battery | 2/32GB | 6.52-Inch Screen | Dark Blue,77.02,3.6,482,https://m.media-amazon.com/images/I/61MHS-Tga4L._AC_UY218_.jpg
"Zunate 2022 XS11 Mini 3G Smartphone Unlocked, 2.5Inch for Android Child Phone, 1GB 8GB WiFi Dual Sim Ultra Thin Mobile Phone, Student Pocket Cellphone (Green)",50.13,,,https://m.media-amazon.com/images/I/51ABcR6igtL._AC_UY218_.jpg
Moto G Stylus | 2022 | 2-Day battery | Unlocked| Made for US by Motorola | 6/128GB | 50MP Camera | Twilight Blue,179.99,4.3,788,https://m.media-amazon.com/images/I/612yrAXpo-L._AC_UY218_.jpg
"Samsung Galaxy S21 5G, US Version, 128GB, Phantom Gray - Unlocked (Renewed)",289.99,4.1,"3,271",https://m.media-amazon.com/images/I/61jYjeuNUnL._AC_UY218_.jpg
"Apple iPhone 14 Plus, 256GB, Midnight - Unlocked (Renewed)",839.99,,,https://m.media-amazon.com/images/I/61B0+qQriPL._AC_UY218_.jpg
Google Pixel 6 – 5G Android Phone - Unlocked Smartphone with Wide and Ultrawide Lens - 128GB - Kinda Coral,429.99,4.1,157,https://m.media-amazon.com/images/I/719--AfBVZL._AC_UY218_.jpg
SOYES XS11 3G Mini Smartphone 2.5Inch WiFi GPS China Mobile 1GB RAM 8GB ROM Quad Core Android Cell Phones 3D Glass Slim Body HD Camera Dual Sim Google Play Cute Smartphone (White),57.99,3.8,776,https://m.media-amazon.com/images/I/51lTgWhyOoL._AC_UY218_.jpg
OUKITEL C22 Unlocked Cell Phones (2021 New) 128GB/4GB Android 10 Unlocked Smartphones with 256GB Expandable 5.86'' 4000mAh Face ID + Fingerprint GSM 4G LTE Dual Sim International Version,103.99,3.9,368,https://m.media-amazon.com/images/I/71zuBCyZZEL._AC_UY218_.jpg
Moto G Power | 2021 | 3-Day battery | Unlocked | Made for US by Motorola | 4/64GB | 48MP Camera | Polar Silver,129.99,4.4,618,https://m.media-amazon.com/images/I/71S1Cyt9QhL._AC_UY218_.jpg
"Apple iPhone 11, 64GB, Yellow - Fully Unlocked (Renewed Premium)",399.99,4.4,"1,922",https://m.media-amazon.com/images/I/41UNiu7idwL._AC_UY218_.jpg
"IP12 PRO+ Unlocked Smartphones 3G, 6.26in HD Full Fit Screen Cell Phone, 1GB+8GB Quad-Core Mobile Phone for Android, Face Fingerprint Unlock, WiFi+BT+FM+GPS, Dual Card Dual Standby",90.92,2.2,60,https://m.media-amazon.com/images/I/71E2A0uvanL._AC_UY218_.jpg
"Total by Verizon Motorola Moto g Pure, 32GB, Blue - Prepaid Smartphone (Locked)",49.99,3.8,78,https://m.media-amazon.com/images/I/71zGrrAe5NL._AC_UY218_.jpg
"Mini Smartphone iTiny 12 Pro Max - The World's Smallest 12 Pro Max 4G LTE Android Mobile, Super Small 3"" HD TouchScreen Global Unlocked Great for Kids 3GB RAM / 32GB ROM Tiny iPhone XII Pro Look Alike",134.90,2.8,17,https://m.media-amazon.com/images/I/41Z9xwvTfwL._AC_UY218_.jpg
"Unlocked Cell Phone, 6.8"" HD Screen, Full Glass Appearance Design, Android 11 Unlocked Smartphone 4GB+64GB/ 256GB Expandable 21MP Camera 4500mAH Battery 4G Dual Analog Face/Fingerprint ID OTG",145.99,3.8,8,https://m.media-amazon.com/images/I/71h4poX8WpL._AC_UY218_.jpg
"JIASEN G14s Pro MAX Unlocked Smartphone,6.82inch HD Screen Phone,4GB RAM+128GB ROM Dual Sim Cellphone,Android Smartphone 24+48MP,Fingerprinr Lock & Face ID(Black)",139.99,,,https://m.media-amazon.com/images/I/61VG7VJ78vL._AC_UY218_.jpg
"iLight Mini Smartphone 12 Pro - The World's Smallest 12 Pro Android Mobile 4G LTE Phone, Super Small 3"" HD Touch Screen Global Unlocked Great for Kids 3GB RAM / 32GB ROM Tiny iPhone 12 Pro Look Alike",139.90,2.4,3,https://m.media-amazon.com/images/I/51+g692XblL._AC_UY218_.jpg
"UMIDIGI C1 Cell Phone Unlocked,Android 12 GO 5150mAh Battery with 6.52"" Full Screen T-Mobile Smartphone 2GB RAM+32GB ROM 256GB Expandable 13MP Camera Mobile Phone",99.99,3.5,355,https://m.media-amazon.com/images/I/71BxRk4rxlL._AC_UY218_.jpg
"Simple Mobile Samsung Galaxy A03s, 32GB, Black - Prepaid Smartphone (Locked)",49.88,3.9,37,https://m.media-amazon.com/images/I/812woqv69CL._AC_UY218_.jpg
"SAMSUNG Galaxy A03 Core (SM-A032/DS) Dual SIM 32GB/ 2GB RAM, GSM Unlocked International Version - No Warranty - Black",92.49,3.8,"1,217",https://m.media-amazon.com/images/I/61EYfTYzWML._AC_UY218_.jpg
"4G Unlocked Cell Phones,4G+128GB Dual Sim Smartphone, C21 Unlocked Mobile Phone with 6.8inch Waterdrop Screen, Android Phone 24+48 MP | 5000mAh | Fingerprint Lock & Face ID | US Version (green)",139.99,3.7,7,https://m.media-amazon.com/images/I/61ELu1rHpWL._AC_UY218_.jpg
"Apple iPhone 12, 64GB, Blue - Unlocked (Renewed Premium)",504.00,4.3,90,https://m.media-amazon.com/images/I/7117DN7UkKL._AC_UY218_.jpg
"Pro Max Smartphone Unlock 4G, 6.1inch IPS HD Cell Phone for Android 11, Smart Phone Face Unlocking, 4GB+64G, WiFi,GPS, 4000mAh Battery, Gifts for Kids Seniors Backup Phone(Blue)",104.90,2.2,5,https://m.media-amazon.com/images/I/61Nzmu5BxPL._AC_UY218_.jpg
"Vbestlife 6.1in Unlocked Smartphone 3G Cell Phone for Android, 6.1in HD Screen Dual Card Dual Standby Mobile Phone, 4000mAh Large Battery, Three Card Slots, Face Unlock(Blue)",64.99,5.0,1,https://m.media-amazon.com/images/I/61MKh-d-UHL._AC_UY218_.jpg
"Unlocked Cell Phone，Y99 Android Smartphone, 5.75-inch IPS Full-Screen，Dual SIM Card，1GB RAM 8GB ROM，Only Supports Dual SIM Card Frequency Band of 3GWCDMA ：850/2100MHZ（Blue）",50.99,2.8,38,https://m.media-amazon.com/images/I/51IuUtO1VfL._AC_UY218_.jpg
"iP14 Pro Max Unlocked Smartphone for Android 11, 6.1"" Unlocked Cell Phone, FHD Face ID 4GB 64GB 128GB Expansion, Dual SIM, 4000mAh, 8MP 16MP Dual Camera, T Mobile,for Verizon Supported(Dark Green)",93.27,,,https://m.media-amazon.com/images/I/716PNP5yncL._AC_UY218_.jpg
BLU C5 Max | 2022 | Long Lasting Battery | Unlocked | 5.7” HD+ Display | 16GB | 5MP Camera | US Warranty (Black),49.99,3.4,435,https://m.media-amazon.com/images/I/81Uyw-aHHbL._AC_UY218_.jpg
"Zunate I13pro Max 4G Unlocked Phone for Android 11, 6.1 Inch HD Display Phone with Gravity Sensing Navigation System, Dual SIM 4GB RAM 64GB ROM 8MP 16MP 4000mAh Battery Unlocked Mobile Phone(Black)",110.00,3.3,3,https://m.media-amazon.com/images/I/61fGKpzaboL._AC_UY218_.jpg
Nokia G10 | Android 11 | Unlocked Smartphone | 3-Day Battery | Dual SIM | US Version | 3/32GB | 6.52-Inch Screen | 13MP Triple Camera | Polar Night,104.99,3.8,662,https://m.media-amazon.com/images/I/71Ptb2ttfaS._AC_UY218_.jpg
"NUU A10L | Unlocked 4G LTE Smartphone | 5.5"" Display | 16GB + 2GB RAM | 2500 mAh Battery | Android 12 Go Edition | Compatible with T-Mobile",99.90,3.5,449,https://m.media-amazon.com/images/I/61YXfmsaJnL._AC_UY218_.jpg
"Apple iPhone 14 Plus, 256GB, (PRODUCT) Red - Unlocked (Renewed)",,,,https://m.media-amazon.com/images/I/716fAVud8PL._AC_UY218_.jpg
NUU B10 4G LTE Unlocked Android Smartphone | 6.55” HD+ Display | 48MP Triple-Camera | 64GB + 4GB RAM | 4000mAh Battery | White Wireless Earbuds Buds A,,3.4,7,https://m.media-amazon.com/images/I/61BEIPdjd6L._AC_UY218_.jpg
"Apple iPhone 12 Pro, 128GB, Graphite - Unlocked (Renewed Premium)",627.00,4.2,94,https://m.media-amazon.com/images/I/715X4Evl75L._AC_UY218_.jpg
"Vbestlife Mate40 Pro Unlocked Smartphone 3G, 5.45in HD Full Screen, Dual Core CPU, Dual Card Slot, HD Front Cameras Rear Cameras, Smooth Operating System, with 3.5MM,Micro USB Interface",60.74,2.8,76,https://m.media-amazon.com/images/I/71SxMeehIBL._AC_UY218_.jpg
Azumi iPhone 6S 64GB Unlocked ATT Tmobile Verizon - Rose Gold,,3.5,9,https://m.media-amazon.com/images/I/817AGdWHLlL._AC_UY218_.jpg
Ulefone Note 14 Unlocked Smartphone - 6.52-inch HD+ Android 12 OS 3GB RAM+16GB ROM 4500mAh Battery 5MP Front Camera 3-Card Slot Glove Mode Supported GPS/Type C Unlocked Mobile Cell Phone (Green),99.99,3.9,478,https://m.media-amazon.com/images/I/81W2F2h+jaL._AC_UY218_.jpg
Samsung Galaxy A11 A115M 32GB Dual SIM GSM Unlocked Android SmartPhone - Black,,4.2,"1,518",https://m.media-amazon.com/images/I/612UM42PDNL._AC_UY218_.jpg
"Samsung Galaxy A12, International Factory Unlocked, 64 GB, Blue Color, 48 Camera, 5,000 Battery,New",169.50,4.1,980,https://m.media-amazon.com/images/I/81peEYZTLTL._AC_UY218_.jpg
"Android Phone Unlocked, Blackview A55, 4G Dual SIM Unlocked Cell Phone Android 11 Phones Unlocked, 3GB+16GB ROM Storage 128GB Expandable, 6.5"" HD+ Face ID Unlock, 4780mAh Battery, T-mobile Smartphones",99.99,3.9,"2,555",https://m.media-amazon.com/images/I/614QkrbomiL._AC_UY218_.jpg
RCA Reno Max | 6.5” HD+ Brightness Boost Display | 64GB + 4GB RAM | 4G LTE Unlocked Smartphone | Android 12 | Octa Core Processor | 16MP Triple Camera | 4000 mAh Battery | Black | T-Mobile,93.49,3.4,12,https://m.media-amazon.com/images/I/619JQkrN-AL._AC_UY218_.jpg
"Blackview Android Phone, A95, 8GB+128GB, 4G Dual SIM Unlocked Cell Phones, Android 11 Unlocked Smartphones, 20MP+8MP, 4380mAh Battery 18W Fast Charge, 6.5"" HD Face/Fingerprint Unlock, T-Mobile Phone",159.99,4.0,463,https://m.media-amazon.com/images/I/71+zjEQbpdL._AC_UY218_.jpg
"SAMSUNG Galaxy Z Flip 4 Cell Phone, Factory Unlocked Android Smartphone, 128GB, Flex Mode, Hands Free Camera, Compact, Foldable Design, Informative Cover Screen, US Version, Blue",999.99,4.3,19,https://m.media-amazon.com/images/I/613jzPT0RbL._AC_UY218_.jpg
"RCA Reno Smartphone, 4G LTE, 16GB, Android 11, Black - GSM Unlocked",69.99,3.3,248,https://m.media-amazon.com/images/I/71ozHXibH9L._AC_UY218_.jpg
"Vbestlife IP12 PRO Unlocked Android Smartphone,6.26in Waterdrop Full Screen Dual SIM Cell Phone,Ultra Thin Mobile Phone Supports Face Fingerprint Unlocking,Quad Core CPU,Triple Rear Camera Black",107.99,3.1,128,https://m.media-amazon.com/images/I/61cloU1kQoL._AC_UY218_.jpg
"Apple iPhone 12 Mini, 256GB, Red - Unlocked (Renewed Premium)",565.00,,,https://m.media-amazon.com/images/I/71-VPnmWpyL._AC_UY218_.jpg
SANSHREUNI-B0BG48LKLJ (Rose Gold),139.99,1.5,2,https://m.media-amazon.com/images/I/61i3GGPNuZL._AC_UY218_.jpg
BLU C5 | Unlocked | 5.0” Display | 16GB | 5MP Camera | US Warranty | Blue,39.99,3.4,508,https://m.media-amazon.com/images/I/71tg8kIGVUL._AC_UY218_.jpg
"IP12 PRO+ Unlocked Smartphones 3G, 6.26in HD Full Fit Screen Cell Phone, 1GB+8GB Quad-Core Mobile Phone for Android, Face Fingerprint Unlock, WiFi+BT+FM+GPS, Dual Card Dual Standby",127.90,2.2,60,https://m.media-amazon.com/images/I/61H2xH69qEL._AC_UY218_.jpg
"UMIDIGI Power 5 Unlocked Cell Phones, 6150mAh Battery+ 6.53"" HD Display Smartphone with 16MP AI Triple Camera,128GB Dual SIM Android Phone",139.99,3.7,219,https://m.media-amazon.com/images/I/71IvlUbzpqL._AC_UY218_.jpg
"TCL 20 SE 6.82"" Unlocked Cellphone, 4GB RAM + 128GB ROM, US Version Android Smartphone 48MP AI Quad-Camera, 5000mAh Mobile Phone, Dual Speaker, OTG Reverse Charging, Android 11, Aurora Green",189.99,4.2,"4,050",https://m.media-amazon.com/images/I/61vGqZ1RVbS._AC_UY218_.jpg
"SAMSUNG Galaxy A23 (SM-A235M/DS) Dual SIM,64 GB 4GB RAM, Factory Unlocked GSM, International Version - No Warranty - (Blue)",197.70,4.4,248,https://m.media-amazon.com/images/I/81cGLZ6l3RL._AC_UY218_.jpg
"Sudroid Mini Smartphone,Child Phone SOYES The World's Smallest Cell Phone 2.5 Inch Android Small Phone Quad Core 1G+8G 5.0MP Dual SIM High Definition Mini Phones Unlocked 3G Mobile Phone (Black)",75.99,3.5,479,https://m.media-amazon.com/images/I/61s0IaMcKtL._AC_UY218_.jpg
Nokia 6300 4G | Unlocked | Dual SIM | WiFi Hotspot | Social Apps | Google Maps and Assistant | Light Charcoal,69.99,3.6,866,https://m.media-amazon.com/images/I/61u374-jlJL._AC_UY218_.jpg
"TCL 10 SE Unlocked Android Smartphone, 6.52"" V-Notch Display, US Version Cell Phone with 16 MP AI Triple-Camera 4GB + 64GB, 4000mAh Fast Charging Battery, ICY Silver (Not Compatible with Verizon)",151.99,4.2,"2,514",https://m.media-amazon.com/images/I/612hZ6vLaoL._AC_UY218_.jpg
Simple Mobile Samsung Galaxy A01 4G LTE Prepaid Smartphone - Black - 16GB - Sim Card Included - GSM,94.90,4.2,939,https://m.media-amazon.com/images/I/61gxAIP-W5L._AC_UY218_.jpg
"Samsung Galaxy S20 5G, 128GB, Cloud Blue - Unlocked (Renewed)",234.00,4.2,"4,038",https://m.media-amazon.com/images/I/71vaN3F+ZvL._AC_UY218_.jpg
Nokia XR20 5G | Android 11 | Dual SIM | US Version | 6/128GB | 6.67-Inch Screen | 48MP Dual Camera | Polar Night,444.19,4.1,147,https://m.media-amazon.com/images/I/61lAogDUMiL._AC_UY218_.jpg
"UMIDIGI Cell Phone G1, Android12 Unlocked Cell Phone, Dual Sim 4G LTE Mobile Phone, 2+32GB 256G Expandable, 6.52"" HD+, 5150mAh, GSM Unlocked",79.99,3.7,410,https://m.media-amazon.com/images/I/71V-RjMmSBL._AC_UY218_.jpg
"Alcatel 1 (16GB) 5.0"" Full View Display, Removable Battery, FM Radio, Dual SIM GSM Unlocked US & Global 4G LTE International Version 5033E (Bluish Black)",44.00,3.8,858,https://m.media-amazon.com/images/I/51B9eCGUYKL._AC_UY218_.jpg
"OUKITEL C21 Unlocked Cell Phones 2021,Android 10.0 6.4” Dual SIM Unlocked Smartphones 4G,4GB+64GB 4000mAh Battery 20MP Front+Four Rear Cameras Helio P60 T-Mobile AT&T Unlocked Mobile Phones",169.99,3.6,"1,081",https://m.media-amazon.com/images/I/51lEHhBAGLL._AC_UY218_.jpg
"Bewinner IP13 Pro Max Unlocked Cell Phone, 6.1 Inch 3GB 32GB Dual Sim Unlocked Smartphone with Face Recognition, 10 Core CPU Mobile Phone for Android(Light Blue)",100.00,1.0,1,https://m.media-amazon.com/images/I/71RJTXT9JfL._AC_UY218_.jpg
"Dilwe 6.7'' Pro Max Smartphone Unlocked 4G, 6.7 Inch Large Screen, 4GB 128GB Face Unlock Cell Phone for Android 12.0, 16MP 8MP Dual Camera, SIM Slots, 4000mAh Battery(6.7'' Gold)",125.29,2.1,28,https://m.media-amazon.com/images/I/61Q8UC3MQXL._AC_UY218_.jpg
"i14 Pro Max Unlocked Cell Phones, Smartphone 6.7 Inch Full Screen Unlocked Smartphones, 2GB 16GB, Ultra Lightweight, Dual Card Slots, Dual SIM Phones, 4000mAh, Face Unlock(US)",128.43,,,https://m.media-amazon.com/images/I/613T4Ak9a7L._AC_UY218_.jpg
"Pen Mini Cell Phone Bluetooth Dialer 0.96"" Tiny Screen Mobile Phone Support GSM Dual SIM Max 32G TF Card with Camera Flashlight Radio Music Player Rechargeable (Black)",35.99,3.6,277,https://m.media-amazon.com/images/I/51eD7RzUuPL._AC_UY218_.jpg
"Apple iPhone 12, 64GB, Red - Unlocked (Renewed Premium)",504.00,4.0,63,https://m.media-amazon.com/images/I/61nN4Mr22IL._AC_UY218_.jpg
"OnePlus Nord N20 5G |Android Smart Phone |6.43"" AMOLED Display|6+128GB |U.S. Unlocked |4500 mAh Battery | 33W Fast Charging | Blue Smoke",249.99,4.3,481,https://m.media-amazon.com/images/I/71hIjJkMqFL._AC_UY218_.jpg
"GOWENIC I14pro Plus Unlocked Phone, 6.1inch HD Screen Face Unlock Smartphone for Android 11, Dual SIM, 4G/64GB, GPS, Dual Camera 4G GSM Net Phone, Support 128G Memory Card, 4002mAh Battery(Blue)",100.46,1.0,1,https://m.media-amazon.com/images/I/717hYJ3jqxL._AC_UY218_.jpg
"Ulefone Note 6 (2022) GSM 3G Unlocked Smartphone, Triple Card Slots, 6.1"" Waterdrop Incell Full- Screen Dual SIM Unlocked Cell Phones, AI Camera 5MP+2MP, 3300mAh, Face Unlock, Android 11 - Purple",82.99,3.3,"1,417",https://m.media-amazon.com/images/I/71lfRMQpQeS._AC_UY218_.jpg
TCL 10 5G UW 128GB Diamond Gray Smartphone (Verizon) (Renewed),84.00,3.6,67,https://m.media-amazon.com/images/I/41OwEzEEWBL._AC_UY218_.jpg
"Cell Phones, Smartphone 6.7 Inch Display Unlocked Smartphones, 2GB 16GB, Ultra Lightweight, Dual SIM, 4000mAh, Face Unlock, for Android 10, Green(US)",140.99,3.0,5,https://m.media-amazon.com/images/I/61xZir-z9nL._AC_UY218_.jpg
"Tracfone Motorola moto g Pure (2021), 32GB, Blue - Prepaid Smartphone (Locked)",49.99,4.3,"1,704",https://m.media-amazon.com/images/I/71zGrrAe5NL._AC_UY218_.jpg
"Zunate I14pro Max 4G Smartphone, 6.1in HD Screen Phone for Android 11 with Navigation System, Dual SIM 4GB RAM 64GB ROM 8MP 16MP 4000mAh Battery Unlocked Mobile Phone for Senior(White)",110.00,3.7,4,https://m.media-amazon.com/images/I/71sWVYmpkhL._AC_UY218_.jpg
"Samsung Galaxy S10+, 128GB, Prism Black - Unlocked (Renewed)",209.99,4.4,"15,775",https://m.media-amazon.com/images/I/619gwHBmFiL._AC_UY218_.jpg
"S21 Ultra Unlocked Smartphone, Android 11 Unlocked Cell Phones 6.1inch HD Plus Screen Dual Card Mobile Phone, 2GB RAM 16GB ROM, 3000mAh, Face Unlock, Dual Camera(Green)",54.99,2.2,11,https://m.media-amazon.com/images/I/71U2LqNq-pL._AC_UY218_.jpg
"WESE Unlocked Smartphone,IP12 PRO+ Android Smartphone 6.26in Large Screen Unlocked Cellphone Face Recognition Unlocked Android Smartphone Dual Card Dual Standby(Black)",99.69,3.0,25,https://m.media-amazon.com/images/I/6115ChDheaS._AC_UY218_.jpg
"Apple Ipad Air 2 64GB Factory Unlocked (Space Gray, Wi-Fi + Cellular 4G) Newest Version (Renewed)",199.29,4.2,669,https://m.media-amazon.com/images/I/61V2zcrZcgL._AC_UY218_.jpg
T-Mobile REVVL V+ 5G Android 64GB Smartphone - Nebula Black (Renewed) (T-Mobile Unlocked),124.84,3.8,184,https://m.media-amazon.com/images/I/514CybDY2mL._AC_UY218_.jpg
TracFone iPhone SE 5G Black - Prepaid Feature Phone,399.99,3.7,3,https://m.media-amazon.com/images/I/61TOWf11+jL._AC_UY218_.jpg
"UMIDIGI A13 Pro 5G Cell Phone Unlocked (8GB+128GB), 6.5 inch, Android 12, Dual SIM 5G Mobile Phone, 5150mAh Large Battery, 48MP+24MP+5MP Camera, 5G Dual SIM GSM Volte Unlocked Smartphone, 18W, NFC",259.99,4.0,109,https://m.media-amazon.com/images/I/71vTlkW393L._AC_UY218_.jpg
"Xiaomi Redmi Note 11 Pro 5G + 4G Global Version 128GB + 6GB Unlocked 6.67"" 108MP Camera Night Mode (Not Verizon Sprint Boost Cricket Metro At&T) + (w/Fast Car 51W Charger Bundle) (Polar White)",285.50,4.3,"2,092",https://m.media-amazon.com/images/I/51Bo6vLqSPL._AC_UY218_.jpg
"Samsung Galaxy Note 10+, 256GB, Aura Blue - Fully Unlocked (Renewed)",300.00,4.3,"5,716",https://m.media-amazon.com/images/I/51KkbW6yUqL._AC_UY218_.jpg
"Tracfone Motorola moto g Stylus, 128GB, Blue - Prepaid Smartphone (Locked)",99.99,4.5,420,https://m.media-amazon.com/images/I/71DLwhy2A1L._AC_UY218_.jpg
"Xiaomi Redmi A1 4G 32GB + 2GB Global Version Factory Unlocked 6.52"" 8MP Dual Camera (Not USA Market) + (w/Fast Car Charger Bundle + 64GB SD) (Black)",87.70,4.6,98,https://m.media-amazon.com/images/I/61bKP6RU4ZL._AC_UY218_.jpg
"OUKITEL C21 Pro Unlocked Smartphones 21MP Triple Camera Mobile Phone 6.39"" HD+ Unlocked Cell Phones 4GB + 64GB/256GB External SD 4000mAh Battery Android 11 Dual SIM/OTG/GPS/WiFi",98.99,3.8,200,https://m.media-amazon.com/images/I/61AuJ0uPtQS._AC_UY218_.jpg
"Xiaomi Redmi Note 11 Pro+ Plus 5G + 4G Global 128GB + 6GB Unlocked 6.67"" 108MP Camera Night Mode (Not Verizon Sprint Boost Cricket Metro At&T) + (w/Fast Car 51W Charger Bundle) (Graphite Gray)",334.50,3.9,"7,608",https://m.media-amazon.com/images/I/51dBINzIJbL._AC_UY218_.jpg
"Samsung Galaxy S10, 128GB, Prism Black - Unlocked (Renewed)",177.99,4.3,"13,446",https://m.media-amazon.com/images/I/41OWroX071L._AC_UY218_.jpg
"Dpofirs Pro Max Android 11 4G Unlocked Smartphone, Unlocked Phone 6GB RAM+64GB ROM, 6.1in HD Screen Cell Phone for Kids Seniors Backup Phone, 8MP+16MP Camera, Face Unlock, GPS 4000mah Battery(Black)",93.27,2.2,4,https://m.media-amazon.com/images/I/710hTFEK5FL._AC_UY218_.jpg
"Zyyini 3G Smartphone, Unlocked Cell Phone with 6.1 Inch HD Full Screen, RAM 3GB ROM 32GB, Dual Card Dual Standby, Facial Recognition Mobile Phone(Green)",74.98,2.8,5,https://m.media-amazon.com/images/I/71XTI+t-mQL._AC_UY218_.jpg
Google Pixel 7-5G Android Phone - Unlocked Smartphone with Wide Angle Lens and 24-Hour Battery - 256GB - Snow,,4.2,61,https://m.media-amazon.com/images/I/7173p0j-mbL._AC_UY218_.jpg
LG G6 H872 32GB Ice Platinum - T-Mobile (Renewed),89.00,4.2,625,https://m.media-amazon.com/images/I/81uw7rANIlL._AC_UY218_.jpg
"Apple iPhone 12 Pro, 256GB, Gold - Unlocked (Renewed Premium)",689.00,4.6,26,https://m.media-amazon.com/images/I/711PvTS05pL._AC_UY218_.jpg
"5.72in HD Full Screen Smart Phone, Note30 Plus Unlocked Smartphones, Dual Cards Dual Standby, 512MB+4GB Cell Phones, for Android 4.4.2, Support WiFi +BT+FM (Violet)",74.55,2.9,123,https://m.media-amazon.com/images/I/71qkwkT8QaL._AC_UY218_.jpg
Samsung Electronics Galaxy Note 20 5G Unlocked Android Cell Phone | US Version | 128GB of Storage | Mobile Gaming Smartphone | Long-Lasting Battery | Mystic Gray (Renewed),298.00,4.2,"1,065",https://m.media-amazon.com/images/I/61FHIXy334L._AC_UY218_.jpg
Google Pixel 4 XL - Clearly White - 128GB - Unlocked,,4.3,"1,967",https://m.media-amazon.com/images/I/71oTy+incwL._AC_UY218_.jpg
"S22 Ultra Pro Unlocked Smartphone for Android 11, 6.52in Unlocked Cell Phone, FHD Face ID 4GB 64GB 128GB Expandable Supported Mobile Phone Dual SIM, 10 Core CPU, 3500mAh, 5MP 8MP Dual Camera(Silver)",105.59,2.7,4,https://m.media-amazon.com/images/I/71bWZ0TusjL._AC_UY218_.jpg
"Blackview Android Phone A55, 4G Dual sim Unlocked Cell Phones,6.5"" HD+ Unlocked Android Phones,3GB+16GB ROM/TF 128GB Android 11 Unlocked Smartphones,Face ID,3 Card Slots,4780mAh Battery Smart Phone",99.99,3.9,"2,827",https://m.media-amazon.com/images/I/71zasNh3jlL._AC_UY218_.jpg
"Samsung Galaxy S20 FE 5G, 128GB, Cloud Navy - Unlocked (Renewed)",223.90,4.3,"2,873",https://m.media-amazon.com/images/I/81+dh2KUhUL._AC_UY218_.jpg
BLU G91 Pro | 2022 | 3-Day Battery | Unlocked | 6.7” Full HD+ Display | 128GB | 48MP Quad Camera | US Version | US Warranty | Graphite,129.99,4.1,"1,539",https://m.media-amazon.com/images/I/81nIH5A24bS._AC_UY218_.jpg
Motorola Moto G Stylus 5G | 2021 | 2-Day Battery | Unlocked | Made for US 4/128GB | 48MP Camera | Cosmic Emerald,179.99,4.4,184,https://m.media-amazon.com/images/I/41wKBxAos4L._AC_UY218_.jpg
"Android Unlocked Cell Phones, Y53S 4.66in IPS Screen Dual SIM Face Unlocked Mobile Phone, 2GB RAM 32GB ROM Ultra Thin Smartphone, 128G Expansion, 2800mAh, Dual Camera, Bluetooth(Black)",54.99,3.4,3,https://m.media-amazon.com/images/I/61GN41-VwDL._AC_UY218_.jpg
"Samsung Galaxy A02s Smartphone, 32GB Storage, Factory Unlocked - Black (Renewed)",98.00,3.5,58,https://m.media-amazon.com/images/I/61upc4T9AHS._AC_UY218_.jpg
"Samsung Galaxy A03S 4G LTE (NOT 5G) 6.5"" HD+ Triple Camera 5000mAh Battery, Dual Sim GSM Unlocked Global 4G Volte (NOT VERIZON/Boost) International Model A037M/DS (Black, 32GB)",127.00,4.4,110,https://m.media-amazon.com/images/I/81yt7HHmCFL._AC_UY218_.jpg
"TCL 30XL |2022| Unlocked Cell Phone, 6.82 inch Vast Display, 5000mAh Battery, Android 12 Smartphone, 50MP AI Quad-Camera, 6GB RAM + 64GB ROM, US Version, Dual Speaker, Night Mist (No 5G)",144.49,4.0,703,https://m.media-amazon.com/images/I/71uG3rCr0kL._AC_UY218_.jpg
"TCL 10 Plus Unlocked Smartphone, 6.47” Curved AMOLED FHD+ Display, Verizon Cellphone 6/64GB with 48MP Rear AI Quad-Camera, 4500mAh Fast Charging Battery, OTG Reverse Charging, Starlight Silver",149.99,4.1,66,https://m.media-amazon.com/images/I/51O21ETwA6L._AC_UY218_.jpg
"zsddzzy 6.11 inch Screen，Y200, Android Smartphone ，Dual SIM Card，1GB RAM ，16GB ROM，Only Supports Dual SIM Card Frequency Band of 3GWCDMA ：850/2100MHZ，Unlocked Cell Phone（White）",63.33,3.0,11,https://m.media-amazon.com/images/I/41Ur0hcWtdL._AC_UY218_.jpg
"Dpofirs 13 Pro Unlocked Smartphone for Android 6.0, 6.1"" FHD Screen, 3GB RAM 32GB ROM, 2800mAh Battery, GSM Unlocked Cell Phone, Facial Recognition, Dual SIM Slot Smartphone (Light Blue)",66.97,,,https://m.media-amazon.com/images/I/71GtNc8+IWL._AC_UY218_.jpg
"Archuu 5.45in Smartphone, Rino4 Pro Face Unlock Intelligent Unlocked Cell Phones Dual Cards Dual Standby Smartphone 1+8G Full Screen Smartphone Android 6.0 Mobile Phone(Green)",67.16,3.3,3,https://m.media-amazon.com/images/I/613jhmQPy8S._AC_UY218_.jpg
"Vbestlife 3G Smartphone Unlocked, 5.45 Inch Smartphone, 2GB RAM 32GB ROM Cell Phone, Support Face Recognition, for MTK6799 Quad Core CPU, for Android 6(Gray)",63.99,2.9,31,https://m.media-amazon.com/images/I/811RQBCSgEL._AC_UY218_.jpg
"Mini Smartphone 3G, GSM 2.5Inch 1GB 8GB Quad Core Android Cell Phones for Android 6.0, Built in 1580mAh Lithium ion Battery, Kids Mobile Phone Dual SIM Card Phone Gift for Kid(Pink)",51.82,2.0,2,https://m.media-amazon.com/images/I/61VwVMMDJsL._AC_UY218_.jpg
"Apple iPhone 12 Pro, 256GB, Graphite - Unlocked (Renewed Premium)",,4.1,78,https://m.media-amazon.com/images/I/61kYwdMmD-L._AC_UY218_.jpg
"SANSHREUNI 4G Unlocked Cell Phone, 4G+128GB C21 Ultra Dual Sim Smartphones,6.8inch Waterdrop Screen Unlocked Mobile Phone(Gold)",129.99,1.0,1,https://m.media-amazon.com/images/I/71rA+H8-A2L._AC_UY218_.jpg
"TCL 30 SE |2022| 6.52"" Unlocked Cell Phone, 4+64GB Android Phone GSM Unlocked Smartphone with 50MP Camera, 5000mAh, Single SIM, US Version, Atlantic Blue(Not Support Verizon/Boost/5G)",139.99,4.1,"1,028",https://m.media-amazon.com/images/I/71fg+BrjQlL._AC_UY218_.jpg
"Unlocked Cell Phones 3G, Rino4 Pro Android Phones Unlocked Smartphones, 5.45in Full HD Screen, 1GB+8GB, Triple Camera, Face/Fingerprint Unlock, Dual SIM, GPS, WiFi(Black)",70.08,3.0,27,https://m.media-amazon.com/images/I/71Y+zHlgtBL._AC_UY218_.jpg
Smallest Mobile Phone L8Star BM70 Tiny Mini Mobile Black Unlocked,24.89,3.5,768,https://m.media-amazon.com/images/I/61LCVCKZAjL._AC_UY218_.jpg
"Ulefone Rugged Smartphone, Armor X10, Three Card Slots, 4G LTE Dual SIM Unlocked, 4GB RAM 32GB ROM, 5.45 Inch Screen, 5180mAh Battery, 13MP Dual Rear Waterproof Camera, NFC, Android 11, Black",149.99,3.8,224,https://m.media-amazon.com/images/I/71WpseVh5sL._AC_UY218_.jpg
"Total by Verizon Samsung Galaxy A13 5G, 64GB, Black - Prepaid Smartphone (Locked)",99.88,3.3,36,https://m.media-amazon.com/images/I/81TAnVrrXjL._AC_UY218_.jpg
"TracFone Nokia C100, 32GB, Blue - Prepaid Smartphone (Locked)",39.99,3.3,74,https://m.media-amazon.com/images/I/71jP4h-XtLL._AC_UY218_.jpg
"Unlock Smartphone 4G, 4GB+64GB, Dual Card Unlocked Cell Phones, Android 11 Unlocked Mobile Phone, 8MP+16MP, 4000mAh Battery, 6.1"" HD Face Unlock Phone, Gifts for Kids Seniors Backup Phone(Gold)",90.06,3.0,12,https://m.media-amazon.com/images/I/61h3r7ODdhL._AC_UY218_.jpg
Razr 5G | Unlocked| Made for US by Motorola | 8/256GB | 48MP Camera | 2020 | Blush Gold,594.07,4.0,105,https://m.media-amazon.com/images/I/616heU5ABBL._AC_UY218_.jpg
"SANSHREUNI Smartphone Unlocked, Dual Sim Cell Phones, 4G+128GB C21 Ultra Unlocked Smartphones, 6.8inch Android Smartphones 5000mAh | Fingerprint Lock Face ID (Black)",139.99,1.0,2,https://m.media-amazon.com/images/I/6107X3lkXRL._AC_UY218_.jpg
"SAMSUNG Galaxy Z Flip 3 5G Cell Phone, Factory Unlocked Android Smartphone, 256GB, Flex Mode, Super Steady Camera, Ultra Compact, US Version, Phantom Black",744.99,4.3,422,https://m.media-amazon.com/images/I/61bfdXk7nfL._AC_UY218_.jpg
Super Small Mini Smartphone 3G Network 2.5 Inch Mini Phone The World's Smallest Cell Phone Unlocked Kids Phone Pocket Cellphone (Pink),56.69,3.3,3,https://m.media-amazon.com/images/I/5106ghQCeqL._AC_UY218_.jpg
"EBTOOLS Note30 Plus 5.72in Smartphone, Face Fingerprint Unlock Dual Cards Dual Standby 512MB+4GB Cell Phone(Orange)",78.38,2.0,14,https://m.media-amazon.com/images/I/81ETNyh1BML._AC_UY218_.jpg
"4G Unlocked Android Cellphone, 6.1Inch IPS FD Screen 4G+128G Dual SIM Slots for Android 11 Unlocked Smartphone, 4000mAh Battery(Black)",105.02,2.7,10,https://m.media-amazon.com/images/I/61fGKpzaboL._AC_UY218_.jpg
"aderroo Unlocked Cell Phone，Y77 Android Smartphone, 5.72-inch Screen，Front and Rear Cameras，1GB RAM 8GB ROM，Only Supports Dual SIM Card Frequency Band of 3GWCDMA：850/2100MHZ（Blue-Green）",50.55,3.2,43,https://m.media-amazon.com/images/I/41ZZGVr1IwL._AC_UY218_.jpg
"6.1Inch HD Screen Unlocked Cellphone, 4G Cellphone Dual SIM Slots,4GB RAM 64GB ROM, Face ID Unlocked Mobile Phone for Android 11 4000mAh(Gold 6.1"")",87.55,5.0,1,https://m.media-amazon.com/images/I/616v4LJXWFL._AC_UY218_.jpg
"SAMSUNG Electronics Galaxy A03 Cell Phone, Factory GSM Unlocked Android Smartphone, 64GB, Long Lasting Battery, International Version (Blue)",123.99,3.9,27,https://m.media-amazon.com/images/I/71FEbjlL8qL._AC_UY218_.jpg
"Hilitand 5.45 inch Smartphone, HD Full Screen Unlocked Cell Phones, for Android 4.4.2 Face Fingerprint Smart Phone, 512MB/4GB, HD Camera Mobil Phone, 1500mAh Battery, 128GB Extension (Blue)",74.71,2.7,198,https://m.media-amazon.com/images/I/71UmvqTuSbL._AC_UY218_.jpg
"IP13 Pro Max Unlocked Cell Phone, 6.1inch HD Display, 32GB, Dual SIM Card, Factory Unlocked Smartphone with Face Recognition, for Android 6, 2800mah Long Standby, with Headset, Phone Case(Black)",66.84,,,https://m.media-amazon.com/images/I/71YFO6dofnL._AC_UY218_.jpg
"6.1"" Smartphone Unlocked, Face Unlocked Cell Phone, 3GB RAM 32GB ROM, 2800mAh Battery, Dual SIM Slot Smartphone, GSM Unlock Cellphone for Android 6 (6.1"" White)",85.12,2.3,17,https://m.media-amazon.com/images/I/71E+geW1vNL._AC_UY218_.jpg
"Samsung Galaxy S21+ 5G, US Version, 128GB, Phantom Violet - Unlocked (Renewed)",324.00,4.2,345,https://m.media-amazon.com/images/I/91ew4mgjGqL._AC_UY218_.jpg
TracFone iPhone SE 5G Red - Prepaid Feature Phone,399.99,3.0,3,https://m.media-amazon.com/images/I/61A0Zu4K-TL._AC_UY218_.jpg
Moto G Play | 2021 | 3-Day battery | Unlocked | Made for US by Motorola | 3/32GB | 13MP Camera | Blue,129.99,4.4,"1,488",https://m.media-amazon.com/images/I/61FTAE2vtCL._AC_UY218_.jpg
"Samsung Galaxy S21+ 5G, US Version, 128GB, Phantom Black - Unlocked (Renewed)",324.00,4.2,589,https://m.media-amazon.com/images/I/61k7TZrmpSL._AC_UY218_.jpg
Glass Screen Protector for iphone 14 pro max,6.99,,,https://m.media-amazon.com/images/I/51x98KUHgtL._AC_UY218_.jpg
"Google Pixel 7 Pro - 5G Android Phone - Unlocked Smartphone with Telephoto , Wide Angle Lens, and 24-Hour Battery - 128GB - Snow",,4.2,96,https://m.media-amazon.com/images/I/712JkPUUlRL._AC_UY218_.jpg
"Ulefone Phones Unlocked, Note 10P (2022 New), 128GB ROM, 6.52'' HD+ Screen, 3-Card Slot Design, Android 11 Smartphone, 5500mAh Battery, 13MP Triple Rear Camera, Dual 4G Mobile Phone - Red",129.99,3.5,42,https://m.media-amazon.com/images/I/71EsIBu8ZHL._AC_UY218_.jpg
"Simple Mobile Apple iPhone SE 5G (3rd Generation), 64GB, Black - Prepaid Smartphone",379.99,2.8,8,https://m.media-amazon.com/images/I/61TOWf11+jL._AC_UY218_.jpg
"ip12 Pro MAX Unlocked Smartphone for Android 8.1, 6.26in 1+8GB HD Screen Cell Phone Dual Card Dual Standby Smart Phone,Face ID Recognition,2MP+2MP,128GB of Expandable Storage Mobile Phone(Green)",159.25,2.6,97,https://m.media-amazon.com/images/I/71S3zZ1G-VL._AC_UY218_.jpg
"WESE Unlocked Smartphone,IP12 PRO+ Android Smartphone 6.26in Large Screen Unlocked Cellphone Face Recognition Unlocked Android Smartphone Dual Card Dual Standby(Gold)",115.99,2.7,33,https://m.media-amazon.com/images/I/61NC5WLpa7S._AC_UY218_.jpg
Nokia 225 | GSM Unlocked Mobile Phone | 4G | Black,46.98,3.6,"2,361",https://m.media-amazon.com/images/I/61Sn0+xiRiL._AC_UY218_.jpg
"Apple iPhone 13 Pro Max (128GB, Silver) [Locked] + Carrier Subscription",,4.8,20,https://m.media-amazon.com/images/I/61D84NtVgVL._AC_UY218_.jpg
"Samsung Galaxy A32 (5G) 64GB A326U (AT&T Unlocked) 6.5"" Display Quad Camera Long Lasting Battery Smartphone - Black (Renewed)",159.50,4.0,252,https://m.media-amazon.com/images/I/51d6vsVdPrL._AC_UY218_.jpg
"Kudoo Unlocked Cell Phones IP12 PRO+ Unlocked Smartphone Dual SIM 6.26inch Waterdrop Screen Quad-Core Android Smart Phone 1GB RAM+8GB ROM 2MP+5MP Fingerprint Lock & Face ID,GPS,WIFI(Gold)",106.43,1.9,7,https://m.media-amazon.com/images/I/41kjNX7OfkL._AC_UY218_.jpg
"SAMSUNG Galaxy Z Fold 3 5G Cell Phone, Factory Unlocked 2-in-1 Android Smartphone Tablet, 256GB, 120Hz, Foldable Dual Screen, Under Display Camera, US Version, Phantom Black",850.00,4.3,326,https://m.media-amazon.com/images/I/71MFE2UY6-L._AC_UY218_.jpg
"WESE BM10 Mini Bluetooth Phone, GSM Bluetooth Handset Phone Dual Card Dual Standby Mini Mobile Phone Bluetooth Dialer Small Cell Phone Kids Phone Built in Voice Changer (Red)",25.99,3.6,22,https://m.media-amazon.com/images/I/61mCJZAEdFL._AC_UY218_.jpg
"SAMSUNG Electronics Galaxy A03 Cell Phone, Factory GSM Unlocked Android Smartphone, 32GB, Long Lasting Battery, International Version (Black)",109.50,3.8,72,https://m.media-amazon.com/images/I/51l1hRYN90L._AC_UY218_.jpg
"VUIIMEEK for iPhone 11 Case Square Clear Inner Glitter,Cute Crystal Sparkle Flexible Soft High Impact Shockproof with Design Protective Cover Case for iPhone 11 6.1“ 2019, Bling Silver",7.99,3.9,6,https://m.media-amazon.com/images/I/81hs+JCZeUL._AC_UY218_.jpg
"aderroo Unlocked Cell Phone，N93 Android Smartphone, 5.72-inch Screen，Front and Rear Cameras，GB RAM 8GB ROM，Only Supports Dual SIM Card Frequency Band of 3GWCDMA：850/2100MHZ（Purple）",51.55,3.0,4,https://m.media-amazon.com/images/I/51Vg+dVewVL._AC_UY218_.jpg
"VUIIMEEK for iPhone 11 Case 6.1“ Square Clear Inner Glitter,Cute Crystal Sparkle Flexible Soft High Impact Shockproof with Design Protective Cover Case for iPhone 11, Bling Rose Gold",7.99,3.8,6,https://m.media-amazon.com/images/I/81Fnhu2hMXL._AC_UY218_.jpg
"ASUS ROG Phone 6 Pro Cell Phone, 6.78” FHD+ 2448x1080 165Hz, 6000mAh Battery, 50MP/13MP/5MP Triple Rear, 12MP Front, 18GB RAM, 512GB, 5G LTE Unlocked Dual SIM, White, AI2201-18G512G-WH [US Version]",,4.4,35,https://m.media-amazon.com/images/I/81kbwTz9l5L._AC_UY218_.jpg
"UMIDIGI A11 Pro Max Unlocked Cell Phone, with Sony Camera, 6.8"" FHD Full View Screen, 5150mAh Battery Android 11 Smartphone with Dual SIM (A11 Pro Max 4+128G, Frost Grey)",189.99,3.9,324,https://m.media-amazon.com/images/I/613PUNfXrmL._AC_UY218_.jpg
"Xiaomi Redmi Note 11 4G Global Version 128GB + 6GB Factory Unlocked 6.43"" Quad Camera 50MP Night Mode (NOT Verizon Sprint Boost Cricket At&t) (w/Fast Car Charger Bundle) (Graphite Gray)",202.41,4.7,"11,485",https://m.media-amazon.com/images/I/51e3KdrHuCL._AC_UY218_.jpg
"SAMSUNG Galaxy S21+ Plus 5G Factory Unlocked Android Cell Phone 128GB US Version Smartphone Pro-Grade Camera 8K Video 12MP High Res, Phantom Violet",999.99,4.6,"2,627",https://m.media-amazon.com/images/I/61GCKHqbcxL._AC_UY218_.jpg
"OUKITEL C21 Pro Unlocked Cell Phone, 6.4"" HD+ Android 11 Unlocked Smartphone 4GB+64GB 256GB Expandable 21MP Camera 4000mAH Battery 4G Dual Sim Face/Fingerprint ID OTG (Green)",95.99,4.0,103,https://m.media-amazon.com/images/I/81LHeWr8e0L._AC_UY218_.jpg
BLU Tank II T193 Unlocked GSM Dual-SIM Cell Phone w/ Camera and 1900 mAh Big Battery - Unlocked Cell Phones - Retail Packaging - Black Red,28.99,3.7,"3,379",https://m.media-amazon.com/images/I/81c9xz6FHuL._AC_UY218_.jpg
"Apple iPhone 12 Pro, 128GB, Silver - Unlocked (Renewed Premium)",884.55,3.2,15,https://m.media-amazon.com/images/I/61V5eKGWmYL._AC_UY218_.jpg
"CAT PHONES S41 Unlocked Rugged Waterproof Smartphone, Network Certified (GSM), U.S. Optimized (Single Sim) with 2-year Warranty Including 2 Year Screen Replacement",449.99,4.0,243,https://m.media-amazon.com/images/I/71csyinyaxL._AC_UY218_.jpg
"Blackview Rugged Smartphone Unlocked, BV4900 Unlocked Cell Phone, 3GB+32GB/ SD 128GB Expandable Unlocked Phones, IP68 Waterproof Smartphone, 5.7"" HD+ 5580mAh Battery, NFC, Android Phone for T-Mobile",129.99,3.9,400,https://m.media-amazon.com/images/I/71YZ45wB5CL._AC_UY218_.jpg
"Total by Verizon BLU View 2, 32GB, Black - Prepaid Smartphone (Locked)",29.86,4.2,59,https://m.media-amazon.com/images/I/61qTWOAsIPL._AC_UY218_.jpg
"Unihertz Atom L 6GB+128GB, Rugged Unlocked Smartphone Android 11 4300mAh Battery 48 MP Camera (Support T-Mobile & Verizon only)",289.99,3.7,343,https://m.media-amazon.com/images/I/61odCOP4AJL._AC_UY218_.jpg
Tracfone Samsung Galaxy A13 5G Prepaid Smartphone (Locked) - Black - 64GB - Sim Card Included - CDMA,119.00,4.3,334,https://m.media-amazon.com/images/I/81TAnVrrXjL._AC_UY218_.jpg
"IP12 PRO+ Face Unlock Smart Phone, 1+8GB 6.26in for Waterdrop Screen Smartphones, Dual Card Dual Standby, Built-in 1950mah Li-ion Battery, for Android 8.1 (Gold)……",86.02,3.1,8,https://m.media-amazon.com/images/I/61BxdDma4dL._AC_UY218_.jpg
Motorola Edge + |2022| 4800mAh Battery | Unlocked | Made for US 8/512GB | 50MP Camera | Stardust White,499.99,4.1,151,https://m.media-amazon.com/images/I/61dNlZy1CGL._AC_UY218_.jpg
"Apple iPhone 12 Mini, 128GB, Black - Unlocked (Renewed Premium)",515.00,4.6,8,https://m.media-amazon.com/images/I/71WoWLO6+gL._AC_UY218_.jpg
"Yoidesu PRO+ Face Unlock Smart Phone, 1+8GB 6.26in for Waterdrop Screen Smartphones, Dual Card Dual Standby, Built-in 1950mah Li-ion Battery, for Android 8.1 (Black)……",78.52,2.0,31,https://m.media-amazon.com/images/I/61Q6SfkmbnL._AC_UY218_.jpg
"Unlocked Cell Phone，Y77 aderroo Android Smartphone, 5.72-inch IPS Full-Screen，Front and Rear Cameras，1GB RAM 8GB ROM，Only Supports Dual SIM Card Frequency Band of 3GWCDMA：850/2100MHZ（red）",49.99,2.4,15,https://m.media-amazon.com/images/I/41aZfHNRKFL._AC_UY218_.jpg
"Xgody X13 Unlocked Smartphone, 6.1 Inch 2022 4G Dual SIM and Dual 5MP Camera Cheap Cell Phone, Android 9.0 OS Phones, 3000mAh Massive Battery, Face Recognition (Black)",79.99,3.8,7,https://m.media-amazon.com/images/I/61x2GOc5zXL._AC_UY218_.jpg
Samsung Galaxy A22 5G 128GB 6GB Ram GSM Factory Unlocked Smartphone International Version-No Warranty-Fast Car Charger Bundle (Mint),185.95,4.0,151,https://m.media-amazon.com/images/I/710IJwMHDZS._AC_UY218_.jpg
"ZTE VZW-Z839PP Blade Vantage 5 16GB 1.1GHz 2GB Prepaid LTE Verizon Smartphone, Black, Carrier Locked to Verizon Prepaid 16GB Phone +5X Memory Bundle (16 GB) (16 GB + 64 GB SD Bundle)",69.99,3.9,"1,153",https://m.media-amazon.com/images/I/41ta+fqNuoL._AC_UY218_.jpg
"Xperia PRO-I 5G smartphone with 1-inch image sensor, triple camera array and 120Hz 6.5” 21:9 4K HDR OLED Display - XQBE62/B","1,098.00",4.0,71,https://m.media-amazon.com/images/I/41XydBYdgRL._AC_UY218_.jpg
Unlocked Samsung A42 5G 128GB - Black - SM-A426UZABXAA (Renewed),143.88,3.9,151,https://m.media-amazon.com/images/I/61+1P+zaZTS._AC_UY218_.jpg
"Total by Verizon Motorola Moto g Power, 64GB, Black - Prepaid Smartphone (Locked)",59.80,3.6,16,https://m.media-amazon.com/images/I/71URKNG6PVL._AC_UY218_.jpg
"GOWENIC Unlocked Cell Phone, 6.1 Inch Android Smartphone, HD 8MP+5MP Camera Dual Sim Dual Standby,3GB+32GB Support 128GB Expansion Card, Face Recognition, 2800mAh(Or)",70.86,,,https://m.media-amazon.com/images/I/71d+eX2U7OL._AC_UY218_.jpg
"ZTE Blade L8 5"" 32GB Android 9.0 Pie Go Edition Factory Unlocked (Gold)",,4.0,514,https://m.media-amazon.com/images/I/510078sISRS._AC_UY218_.jpg
BLU G9 PRO | 2020 | All Day Battery | Unlocked | 6.3” HD+ Infinity Display | 128 GB | Triple 48MP Camera | US Version | US Warranty | Nightfall,,4.2,"7,626",https://m.media-amazon.com/images/I/81cH+NRSZGL._AC_UY218_.jpg
MiRUSI Smallest Mini Cell Phone Supports Dual SIM Card GSM Unlocked Student Backup Cell Phone BM10(Blue),25.99,3.5,50,https://m.media-amazon.com/images/I/516Gw17zrnL._AC_UY218_.jpg
Samsung Galaxy S20 FE 5G UW 128GB for Verizon (Cloud Navy) (Renewed),196.99,4.2,309,https://m.media-amazon.com/images/I/61WeLSi+UiL._AC_UY218_.jpg
"Xiaomi 12T PRO 5G + 4G LTE (256GB+8GB) Unlocked Worldwide (Only T-Mobile/Metro/Mint USA Market) 200MP Pro Camera 6.67"" 120Mhz + (w/Fast 51w Car Charger) (Black)",592.50,4.1,32,https://m.media-amazon.com/images/I/61G1m+Hxp-L._AC_UY218_.jpg
"LG Aristo 5 LM-K300 5.7"" 32GB 13MP Android Smartphone (Renewed) (Silver, GSM Unlocked)",84.99,4.1,100,https://m.media-amazon.com/images/I/416slqwsPqL._AC_UY218_.jpg
"Blackview Unlocked Smartphones, A55 Phone, 6.5"" HD+, 3 SIM Card Slots, 16GB ROM/SD 128GB Expandable Android Phone, 4780mAh Cell Phone, 4G Dual SIM Unlocked Cell Phones, Android 11 OS T-Mobile Phone",99.99,4.3,39,https://m.media-amazon.com/images/I/71RxVpeGdDL._AC_UY218_.jpg
"BLU Advance L5 -Unlocked Dual Sim, 16GB -Cyan",39.99,3.6,"1,308",https://m.media-amazon.com/images/I/91AD05JvVqL._AC_UY218_.jpg
LANSXXY 6.7Inch Unlocked Cell Phone Android Phones 2GB RAM+16GB ROM Waterdrop Full Screen Straight Talk Phone Face ID Dual Sim Boost Mobile Phones Smart Phones Unlocked New for Android10.0,89.99,1.0,10,https://m.media-amazon.com/images/I/71c8UIw9WJL._AC_UY218_.jpg
"Total by Verizon TCL A3, 32GB, Black - Prepaid Smartphone (Locked)",36.72,3.0,2,https://m.media-amazon.com/images/I/61-fB+GkifL._AC_UY218_.jpg
"OUKITEL C21 Pro Unlocked Smartphones 21MP Triple Camera Mobile Phone 6.39"" HD+ Unlocked Cell Phones 4GB + 64GB/256GB External SD 4000mAh Battery Android 11 Dual SIM/OTG/GPS/WiFi",98.99,3.9,276,https://m.media-amazon.com/images/I/61J0MsXLb+L._AC_UY218_.jpg
Google Pixel 5 - 5G Android Phone - Water Resistant - Unlocked Smartphone with Night Sight and Ultrawide Lens - Just Black,364.99,4.5,"3,267",https://m.media-amazon.com/images/I/81-fNmQqlLL._AC_UY218_.jpg
"ONEPLUS 10T | Jade Green | 5G Unlocked Android Smartphone U.S Version | 8GB RAM+128GB Storage | 120Hz Fluid AMOLED Display | Triple Camera 50+8+2MP, 16MP | 125W SuperVOOC Charging (CPH2417)",499.99,4.2,147,https://m.media-amazon.com/images/I/713aBvRbEpL._AC_UY218_.jpg
"Samsung Galaxy A12 (128GB, 4GB) 6.5"" HD+, 48MP Quad Camera, All Day Battery, Dual SIM GSM Unlocked Global 4G Volte (T-Mobile, AT&T, Metro) International Model A127M/DS (w/Fast Car Charger) (Black)",187.63,4.3,656,https://m.media-amazon.com/images/I/81t8kQP6OQL._AC_UY218_.jpg
"SAMSUNG Galaxy A13 5G (64GB, 4GB) 6.5'' HD+, 50MP Triple Camera, 5000mAh Battery, 5G / 4G Volte (GSM Unlocked for AT&T, T-Mobile, Global) A136U (w/ 64GB SD, Black) (Renewed)",144.99,4.3,76,https://m.media-amazon.com/images/I/61xhaqnlKPL._AC_UY218_.jpg
"Apple iPhone 12 Mini, 128GB, Blue - Unlocked (Renewed Premium)",515.00,4.6,29,https://m.media-amazon.com/images/I/718tXCSqmOL._AC_UY218_.jpg
"Apple iPhone 12, 256GB, Black - Unlocked (Renewed Premium)",617.00,3.5,17,https://m.media-amazon.com/images/I/71Q0E2DYf2L._AC_UY218_.jpg
"Apple iPhone XS Max, 64GB, Silver - Unlocked (Renewed Premium)",411.00,4.2,44,https://m.media-amazon.com/images/I/51MQ7ZGgKQS._AC_UY218_.jpg
"SAMSUNG Galaxy A23 A235M 128GB Dual SIM GSM Unlocked Android Smartphone (International, Latin America Variant/US Compatible LTE) - Blue",204.50,4.3,31,https://m.media-amazon.com/images/I/81Kf5XkU-jL._AC_UY218_.jpg
"Ulefone Unlocked Smartphones Note 9P Android 11 Unlocked Cell Phones, Triple Rear Camera Triple Card Slots, 6.52"" Waterdrop Full-Screen Dual SIM Phones, 4500mAh Global Bands, US Version - Green",123.99,3.9,"3,089",https://m.media-amazon.com/images/I/71gxbnt6fwL._AC_UY218_.jpg
"TracFone TCL 30 Z, 32GB, Black - Prepaid Smartphone (Locked)",39.88,3.2,26,https://m.media-amazon.com/images/I/718+xprSIBL._AC_UY218_.jpg
Thuraya satellite Satsleeve + (Plus) for Smartphones iPhone Android,,2.9,8,https://m.media-amazon.com/images/I/71PYF4sosEL._AC_UY218_.jpg
Sudroid Mini Small Mobil Cell Phone L8star BM70 Bluetooth Handset 0.66 inch Unlocked Bluetooth Earphone Dialer Support SIM Card(Black),21.99,3.6,90,https://m.media-amazon.com/images/I/51lMXm5u+yL._AC_UY218_.jpg
Samsung Galaxy S10e SM-G970U 128GB 6GB RAM US Version - Prism Black,178.66,4.2,96,https://m.media-amazon.com/images/I/71bK3oKRCOL._AC_UY218_.jpg
